Workbook
Name Срез_Категория: #N/A
Name Срез_Месяц: #N/A
Name Срез_Регион: #N/A

Sheet Данные
A1: Дата | B1: Товар | C1: Категория | D1: Регион | E1: Количество | F1: Цена | G1: Выручка | H1: Месяц | J1: Ноутбук | K1: 45000
A2: 45658 | B2: Ноутбук | C2: Электроника | D2: Москва | E2: 15 | F2: =VLOOKUP(B2,$J$1:$K$6,2,FALSE) -> 45000 | G2: =SUM(E2*F2) -> 675000 | H2: =CHOOSE(MONTH(A2),"Январь","Февраль","Март","Апрель","Май","Июнь","Июль","Август","Сентябрь","Октябрь","Ноябрь","Декабрь") -> Январь | J2: Мышь | K2: 700
A3: 45659 | B3: Мышь | C3: Электроника | D3: Санкт-Петербург | E3: 13 | F3: =VLOOKUP(B3,$J$1:$K$6,2,FALSE) -> 700 | G3: =SUM(E3*F3) -> 9100 | H3: =CHOOSE(MONTH(A3),"Январь","Февраль","Март","Апрель","Май","Июнь","Июль","Август","Сентябрь","Октябрь","Ноябрь","Декабрь") -> Январь | J3: Стол | K3: 5000
A4: 45660 | B4: Стол | C4: Мебель | D4: Москва | E4: 1 | F4: =VLOOKUP(B4,$J$1:$K$6,2,FALSE) -> 5000 | G4: =SUM(E4*F4) -> 5000 | H4: =CHOOSE(MONTH(A4),"Январь","Февраль","Март","Апрель","Май","Июнь","Июль","Август","Сентябрь","Октябрь","Ноябрь","Декабрь") -> Январь | J4: Стул | K4: 2100
A5: 45661 | B5: Стул | C5: Мебель | D5: Санкт-Петербург | E5: 9 | F5: =VLOOKUP(B5,$J$1:$K$6,2,FALSE) -> 2100 | G5: =SUM(E5*F5) -> 18900 | H5: =CHOOSE(MONTH(A5),"Январь","Февраль","Март","Апрель","Май","Июнь","Июль","Август","Сентябрь","Октябрь","Ноябрь","Декабрь") -> Январь | J5: Шкаф | K5: 11000
A6: 45662 | B6: Шкаф | C6: Мебель | D6: Санкт-Петербург | E6: 13 | F6: =VLOOKUP(B6,$J$1:$K$6,2,FALSE) -> 11000 | G6: =SUM(E6*F6) -> 143000 | H6: =CHOOSE(MONTH(A6),"Январь","Февраль","Март","Апрель","Май","Июнь","Июль","Август","Сентябрь","Октябрь","Ноябрь","Декабрь") -> Январь | J6: Холодильник | K6: 36000
A7: 45663 | B7: Холодильник | C7: Электроника | D7: Москва | E7: 9 | F7: =VLOOKUP(B7,$J$1:$K$6,2,FALSE) -> 36000 | G7: =SUM(E7*F7) -> 324000 | H7: =CHOOSE(MONTH(A7),"Январь","Февраль","Март","Апрель","Май","Июнь","Июль","Август","Сентябрь","Октябрь","Ноябрь","Декабрь") -> Январь
A8: 45664 | B8: Ноутбук | C8: Электроника | D8: Казань | E8: 13 | F8: =VLOOKUP(B8,$J$1:$K$6,2,FALSE) -> 45000 | G8: =SUM(E8*F8) -> 585000 | H8: =CHOOSE(MONTH(A8),"Январь","Февраль","Март","Апрель","Май","Июнь","Июль","Август","Сентябрь","Октябрь","Ноябрь","Декабрь") -> Январь
A9: 45665 | B9: Мышь | C9: Электроника | D9: Ярославль | E9: 3 | F9: =VLOOKUP(B9,$J$1:$K$6,2,FALSE) -> 700 | G9: =SUM(E9*F9) -> 2100 | H9: =CHOOSE(MONTH(A9),"Январь","Февраль","Март","Апрель","Май","Июнь","Июль","Август","Сентябрь","Октябрь","Ноябрь","Декабрь") -> Январь
A10: 45666 | B10: Стол | C10: Мебель | D10: Краснадар | E10: 12 | F10: =VLOOKUP(B10,$J$1:$K$6,2,FALSE) -> 5000 | G10: =SUM(E10*F10) -> 60000 | H10: =CHOOSE(MONTH(A10),"Январь","Февраль","Март","Апрель","Май","Июнь","Июль","Август","Сентябрь","Октябрь","Ноябрь","Декабрь") -> Январь
A11: 45667 | B11: Стул | C11: Мебель | D11: Краснадар | E11: 11 | F11: =VLOOKUP(B11,$J$1:$K$6,2,FALSE) -> 2100 | G11: =SUM(E11*F11) -> 23100 | H11: =CHOOSE(MONTH(A11),"Январь","Февраль","Март","Апрель","Май","Июнь","Июль","Август","Сентябрь","Октябрь","Ноябрь","Декабрь") -> Январь
A12: 45668 | B12: Шкаф | C12: Мебель | D12: Ярославль | E12: 5 | F12: =VLOOKUP(B12,$J$1:$K$6,2,FALSE) -> 11000 | G12: =SUM(E12*F12) -> 55000 | H12: =CHOOSE(MONTH(A12),"Январь","Февраль","Март","Апрель","Май","Июнь","Июль","Август","Сентябрь","Октябрь","Ноябрь","Декабрь") -> Январь
A13: 45669 | B13: Холодильник | C13: Электроника | D13: Москва | E13: 12 | F13: =VLOOKUP(B13,$J$1:$K$6,2,FALSE) -> 36000 | G13: =SUM(E13*F13) -> 432000 | H13: =CHOOSE(MONTH(A13),"Январь","Февраль","Март","Апрель","Май","Июнь","Июль","Август","Сентябрь","Октябрь","Ноябрь","Декабрь") -> Январь
A14: 45670 | B14: Ноутбук | C14: Электроника | D14: Санкт-Петербург | E14: 5 | F14: =VLOOKUP(B14,$J$1:$K$6,2,FALSE) -> 45000 | G14: =SUM(E14*F14) -> 225000 | H14: =CHOOSE(MONTH(A14),"Январь","Февраль","Март","Апрель","Май","Июнь","Июль","Август","Сентябрь","Октябрь","Ноябрь","Декабрь") -> Январь
A15: 45671 | B15: Мышь | C15: Электроника | D15: Москва | E15: 9 | F15: =VLOOKUP(B15,$J$1:$K$6,2,FALSE) -> 700 | G15: =SUM(E15*F15) -> 6300 | H15: =CHOOSE(MONTH(A15),"Январь","Февраль","Март","Апрель","Май","Июнь","Июль","Август","Сентябрь","Октябрь","Ноябрь","Декабрь") -> Январь
A16: 45672 | B16: Стол | C16: Мебель | D16: Санкт-Петербург | E16: 15 | F16: =VLOOKUP(B16,$J$1:$K$6,2,FALSE) -> 5000 | G16: =SUM(E16*F16) -> 75000 | H16: =CHOOSE(MONTH(A16),"Январь","Февраль","Март","Апрель","Май","Июнь","Июль","Август","Сентябрь","Октябрь","Ноябрь","Декабрь") -> Январь
A17: 45673 | B17: Стул | C17: Мебель | D17: Санкт-Петербург | E17: 7 | F17: =VLOOKUP(B17,$J$1:$K$6,2,FALSE) -> 2100 | G17: =SUM(E17*F17) -> 14700 | H17: =CHOOSE(MONTH(A17),"Январь","Февраль","Март","Апрель","Май","Июнь","Июль","Август","Сентябрь","Октябрь","Ноябрь","Декабрь") -> Январь
A18: 45674 | B18: Шкаф | C18: Мебель | D18: Москва | E18: 12 | F18: =VLOOKUP(B18,$J$1:$K$6,2,FALSE) -> 11000 | G18: =SUM(E18*F18) -> 132000 | H18: =CHOOSE(MONTH(A18),"Январь","Февраль","Март","Апрель","Май","Июнь","Июль","Август","Сентябрь","Октябрь","Ноябрь","Декабрь") -> Январь
... A122: 45778 | B122: Ноутбук | C122: Электроника | D122: Ярославль | E122: 11 | F122: =VLOOKUP(B122,$J$1:$K$6,2,FALSE) -> 45000 | G122: =SUM(E122*F122) -> 495000 | H122: =CHOOSE(MONTH(A122),"Январь","Февраль","Март","Апрель","Май","Июнь","Июль","Август","Сентябрь","Октябрь","Ноябрь","Декабрь") -> Май

Sheet Анализ
A2: Категория | B2: Сумма Выручки
A3: Мебель | B3: 835000
A4: Электроника | B4: 4685900
A5: Общий итог | B5: 5520900
A8: Месяц | B8: Сумма Выручки
A9: Январь | B9: 5520900
A10: Февраль | B10: 3786300
A11: Март | B11: 3437600
A12: Апрель | B12: 5199300
A13: Май | B13: 495000
A14: Общий итог | B14: 18439100
A17: Товар | B17: Сумма Выручки
A18: Ноутбук | B18: 10665000
A19: Холодильник | B19: 4788000
A20: Шкаф | B20: 1760000
A21: Стол | B21: 790000
A22: Стул | B22: 306600
A23: Мышь | B23: 129500
A24: Общий итог | B24: 18439100

Sheet Дашборд
A1: Дашборд продаж — 2025
A2: Общая выручка | B2: Количество заказов | C2: Средний чек | D2: Топ категория
A3: =SUM(Данные!G:G) -> 18439100 | B3: =SUM(Данные!E:E) -> 1019 | C3: =A3/B3 -> 18095.289 | D3: Электроника
A5: Категория | B5: Выручка, руб. | C5: Доля %
A6: Электроника | B6: =SUMIF(Данные!C:C,Дашборд!A6,Данные!G:G) -> 15582500 | C6: =B6/SUM(Данные!G:G) -> 0.84507921
A7: Мебель | B7: =SUMIF(Данные!C:C,Дашборд!A7,Данные!G:G) -> 2811600 | C7: =B7/SUM(Данные!G:G) -> 0.15248033
A9: Месяц | B9: Выручка, руб. | C9: vs. предыдущий месяц
A10: Январь | B10: =SUMIF(Данные!H:H,"Январь",Данные!G:G) -> 5520900 | C10: —
A11: Февраль | B11: =SUMIF(Данные!H:H,"Февраль",Данные!G:G) -> 3786300 | C11: =IFERROR((B11-B10)/B10,0) -> -0.3141879
A12: Март | B12: =SUMIF(Данные!H:H,"Март",Данные!G:G) -> 3437600 | C12: =IFERROR((B12-B11)/B11,0) -> -0.092095185
A13: Апрель | B13: =SUMIF(Данные!H:H,"Апрель",Данные!G:G) -> 5199300 | C13: =IFERROR((B13-B12)/B12,0) -> 0.51247964
A14: Май | B14: =SUMIF(Данные!H:H,"Май",Данные!G:G) -> 495000 | C14: Начало месяца
A16: Товар | B16: Выручка, руб. | C16: Доля %
A17: Ноутбук | B17: =SUMIF(Данные!B:B,Дашборд!A17,Данные!G:G) -> 10665000 | C17: =B17/SUM(Данные!G:G) -> 0.57839049
A18: Мышь | B18: =SUMIF(Данные!B:B,Дашборд!A18,Данные!G:G) -> 129500 | C18: =B18/SUM(Данные!G:G) -> 0.0070231193
A19: Стол | B19: =SUMIF(Данные!B:B,Дашборд!A19,Данные!G:G) -> 790000 | C19: =B19/SUM(Данные!G:G) -> 0.04284374
A20: Стул | B20: =SUMIF(Данные!B:B,Дашборд!A20,Данные!G:G) -> 306600 | C20: =B20/SUM(Данные!G:G) -> 0.01662771
A21: Шкаф | B21: =SUMIF(Данные!B:B,Дашборд!A21,Данные!G:G) -> 1760000 | C21: =B21/SUM(Данные!G:G) -> 0.095449344
A22: Холодильник | B22: =SUMIF(Данные!B:B,Дашборд!A22,Данные!G:G) -> 4788000 | C22: =B22/SUM(Данные!G:G) -> 0.2596656
A25: Ключевые выводы
A26: 1. Электроника генерирует ~85% всей выручки — основной драйвер продаж.
A27: 2. Ноутбук — топ-товар: более 57% выручки от всех продаж.
A28: 3. Январь и апрель — лучшие месяцы
A29: 4. Мебель приносит лишь 15% выручки, однако шкафы и столы стабильно продаются.
A30: 5. Рекомендация: усилить продвижение мебели
